{"cameraMode":{"drawMode":0,"name":"Shaded","section":"Shading Mode"},"sceneLighting":true,"audioPlay":false,"sceneViewState":{"m_AlwaysRefresh":false,"showFog":true,"showSkybox":true,"showFlares":true,"showImageEffects":true,"showParticleSystems":true,"showVisualEffectGraphs":true,"m_FxEnabled":true},"in2DMode":false,"pivot":{"x":-0.3257078230381012,"y":0.25061020255088808,"z":0.6205552220344544},"rotation":{"x":-0.2752093970775604,"y":0.40711432695388796,"z":-0.13009333610534669,"w":-0.8611868023872376},"size":1.224332332611084,"orthographic":false}