{"cameraMode":{"drawMode":0,"name":"Shaded","section":"Shading Mode"},"sceneLighting":true,"audioPlay":false,"sceneViewState":{"m_AlwaysRefresh":false,"showFog":true,"showSkybox":true,"showFlares":true,"showImageEffects":true,"showParticleSystems":true,"showVisualEffectGraphs":true,"m_FxEnabled":true},"in2DMode":false,"pivot":{"x":0.8272387385368347,"y":1.772234559059143,"z":-0.678875207901001},"rotation":{"x":0.09561066329479218,"y":-0.4139639437198639,"z":0.043682921677827838,"w":0.9042043089866638},"size":0.5613065361976624,"orthographic":false}