{"cameraMode":{"drawMode":0,"name":"Shaded","section":"Shading Mode"},"sceneLighting":true,"audioPlay":false,"sceneViewState":{"m_AlwaysRefresh":false,"showFog":true,"showSkybox":true,"showFlares":true,"showImageEffects":true,"showParticleSystems":true,"showVisualEffectGraphs":true,"m_FxEnabled":true},"in2DMode":false,"pivot":{"x":0.6192699074745178,"y":-0.5961883068084717,"z":-1.9542968273162842},"rotation":{"x":-0.22532813251018525,"y":0.2091209888458252,"z":-0.04954009875655174,"w":-0.9502861499786377},"size":7.901814937591553,"orthographic":false}