{"cameraMode":{"drawMode":0,"name":"Shaded","section":"Shading Mode"},"sceneLighting":true,"audioPlay":false,"sceneViewState":{"m_AlwaysRefresh":false,"showFog":true,"showSkybox":true,"showFlares":true,"showImageEffects":true,"showParticleSystems":true,"showVisualEffectGraphs":true,"m_FxEnabled":true},"in2DMode":false,"pivot":{"x":3.2984464168548586,"y":1.6669551134109498,"z":-19.18617820739746},"rotation":{"x":0.0013318228302523494,"y":-0.9887939691543579,"z":-0.00859073456376791,"w":-0.14914819598197938},"size":7.433787822723389,"orthographic":false}