{"cameraMode":{"drawMode":0,"name":"Shaded","section":"Shading Mode"},"sceneLighting":true,"audioPlay":false,"sceneViewState":{"m_AlwaysRefresh":true,"showFog":true,"showSkybox":true,"showFlares":true,"showImageEffects":true,"showParticleSystems":true,"showVisualEffectGraphs":true,"m_FxEnabled":true},"in2DMode":false,"pivot":{"x":-0.3435850739479065,"y":5.675310134887695,"z":-7.1657185554504398},"rotation":{"x":0.3086898922920227,"y":-0.0052019571885466579,"z":0.0015227921539917589,"w":0.9511738419532776},"size":0.47321823239326479,"orthographic":false}